{
	"cam_rotat":[
		0.4998015430569128,
        -0.5030316162024876,
        0.4997798114386805,
        -0.49737083824542755
    ],
    "cam_trans":[
    	1.70079118954,
        0.0159456324149,
        1.51095763913
    ],
    "cam_intri":[
    	1266.417203046554,
        0.0,
        816.2670197447984,
        0.0,
        1266.417203046554,
        491.50706579294757,
        0.0,
        0.0,
        1.0
    ],
    "radar_rotat":[
    	0.9999984769132877,
        0.0,
        0.0,
        0.0017453283658983088
    ],
    "radar_trans":[
    	3.412,
        0.0,
        0.5
    ],
}